,image,personne
0,[248 248 245 ...   6   5   3],1
1,[189 224 248 ...   5   6   5],1
2,[248 248 248 ...   3   5   6],1
3,[248 248 248 ...   6   5   6],1
4,[247 230 223 ...   6   2   8],1
5,[106 106 103 ...   3   5   6],1
6,[202 194 197 ...   6   2   6],1
7,[170 162 162 ...   5   3   8],1
8,[186 186 191 ...   6   2   6],1
9,[189 184 183 ...   6   5   6],1
10,[248 247 248 ...   6   2   6],2
11,[248 234 234 ...   5   6   5],2
12,[234 226 226 ...   5   6   8],2
13,[248 247 248 ...   3   5   3],2
14,[63 59 45 ...  6  2  3],2
15,[197 192 199 ...   6   2   6],2
16,[178 170 167 ...   6   2   8],2
17,[162 162 165 ...   6   5   6],2
18,[149 160 162 ...   6   5   6],2
19,[186 186 186 ...   5   6   5],2
20,[178 159 170 ...   6   2   6],3
21,[170 173 174 ...   6   2   6],3
22,[178 167 163 ...   3   5   6],3
23,[178 178 178 ...   6   5   6],3
24,[205 200 191 ...   6   2   6],3
25,[178 178 176 ...   3   5   6],3
26,[133  85  83 ...   6   5   6],3
27,[157 125  91 ...   6   5   3],3
28,[154 167 162 ...   3   5   6],3
29,[186 178 183 ...   6   7   3],3
30,[173 165 162 ...   6   2   6],5
31,[178 162 154 ...   6   2   6],5
32,[221 205 210 ...   6   2   6],5
33,[133 144 160 ...   6   2   6],5
34,[248 234 237 ...   6   2   6],5
35,[202 191 192 ...   6   2   6],5
36,[237 234 232 ...   6   2   6],5
37,[162 162 175 ...   3   2   6],5
38,[160 157 160 ...   6   2   6],5
39,[125 125 120 ...   3   5   3],5
40,[186 178 191 ...   6   2   3],6
41,[186 167 166 ...   3   2   6],6
42,[202 189 176 ...   6   2   3],6
43,[178 178 170 ...   8   2   6],6
44,[189 189 186 ...   3   7   3],6
45,[183 178 178 ...   6   5   3],6
46,[162 160 165 ...   5   2   6],6
47,[186 170 175 ...   6   2   6],6
48,[186 175 178 ...   6   2   6],6
49,[170 162 170 ...   2   6   5],6
50,[133 109 144 ...   6   2   6],7
51,[173 165 170 ...   6   2   3],7
52,[154 159 150 ...   3   2   6],7
53,[149 150 154 ...   3   2   6],7
54,[186 175 174 ...   2   6   5],7
55,[223 214 215 ...   3   2   6],7
56,[210 210 210 ...   6   2   6],7
57,[221 208 202 ...   3   5   3],7
58,[237 226 229 ...   6   2   3],7
59,[234 221 224 ...   3   5   3],7
60,[229 221 218 ...   3   5   3],8
61,[165 158 157 ...   6   5   6],8
62,[114 119 147 ...   6   2   6],8
63,[173 168 165 ...   3   5   3],8
64,[66 66 66 ...  8  2  6],8
65,[ 90 106 122 ...   6   2   8],8
66,[101  88  85 ...   6   2   6],8
67,[122 114 114 ...   5   3   5],8
68,[82 63 91 ...  5  3  7],8
69,[130 130 109 ...   5   3   5],8
70,[248 248 248 ...   2   8   6],9
71,[248 248 248 ...   6   5   6],9
72,[248 248 248 ...   5   6   8],9
73,[248 248 248 ...   6   6   7],9
74,[248 248 248 ...   5   6   5],9
75,[248 248 248 ...   6   2   6],9
76,[248 248 248 ...   5   6   5],9
77,[248 248 248 ...   6   5   6],9
78,[248 239 248 ...   6   5   6],9
79,[248 248 248 ...   5   6   6],9
80,[197 192 191 ...   6   5   3],10
81,[245 226 223 ...   2   8   2],10
82,[215 202 210 ...   5   2   6],10
83,[229 216 223 ...   5   3   5],10
84,[205 205 210 ...   5   2   6],10
85,[237 232 234 ...   6   5   8],10
86,[248 234 237 ...   2   5   3],10
87,[248 239 240 ...   6   5   3],10
88,[248 245 245 ...   6   5   6],10
89,[248 245 248 ...   6   5   2],10
90,[205 192 194 ...   6   7   3],11
91,[197 197 198 ...   5   6   2],11
92,[199 190 189 ...   6   5   6],11
93,[194 183 190 ...   6   5   6],11
94,[205 184 191 ...   2   8   2],11
95,[191 182 186 ...   6   5   6],11
96,[186 178 181 ...   6   5   6],11
97,[186 178 181 ...   6   2   6],11
98,[186 183 182 ...   6   5   3],11
99,[197 189 198 ...   6   5   6],11
100,[165 160 160 ...   5   2   6],12
101,[202 199 198 ...   6   2   6],12
102,[133 128 133 ...   6   2   6],12
103,[154 151 146 ...   5   2   6],12
104,[138 135 138 ...   6   2   6],12
105,[135 134 143 ...   6   5   6],12
106,[154 151 122 ...   5   3   5],12
107,[149 141 134 ...   3   5   6],12
108,[170 154 144 ...   3   7   3],12
109,[74 63 59 ...  7  3  5],12
110,[87 66 64 ...  5  6  6],13
111,[ 74  98 135 ...   6   5   6],13
112,[ 74  90 106 ...   5   6   8],13
113,[66 71 67 ...  6  7  3],13
114,[114  98  95 ...   5   6   8],13
115,[226 210 215 ...   6   5   6],13
116,[210 207 214 ...   3   7   3],13
117,[210 210 210 ...   7   3   5],13
118,[191 192 200 ...   5   3   7],13
119,[202 197 200 ...   8   2   6],13
120,[248 245 239 ...   5   2   6],14
121,[234 218 223 ...   6   5   6],14
122,[248 237 242 ...   5   3   7],14
123,[248 234 231 ...   6   2   6],14
124,[237 224 226 ...   5   2   6],14
125,[221 213 214 ...   5   3   7],14
126,[234 218 226 ...   3   5   6],14
127,[239 246 248 ...   6   2   6],14
128,[221 213 218 ...   6   2   5],14
129,[234 221 240 ...   6   5   6],14
130,[178 178 167 ...   2   8   2],15
131,[197 197 195 ...   3   5   6],15
132,[199 192 197 ...   6   5   6],15
133,[186 173 168 ...   5   6   5],15
134,[197 192 186 ...   5   2   6],15
135,[226 218 218 ...   5   2   6],15
136,[213 205 206 ...   6   2   6],15
137,[210 202 202 ...   5   6   7],15
138,[207 202 202 ...   5   3   5],15
139,[202 194 199 ...   5   3   8],15
140,[213 205 202 ...   6   2   3],16
141,[229 216 210 ...   6   2   8],16
142,[229 213 170 ...   6   2   6],16
143,[178 160 181 ...   6   2   6],16
144,[210 191 186 ...   3   5   6],16
145,[146 143 142 ...   6   2   6],16
146,[149 150 149 ...   3   5   3],16
147,[167 166 162 ...   6   2   6],16
148,[181 178 176 ...   6   2   6],16
149,[199 190 191 ...   3   2   6],16
150,[229 224 218 ...   6   5   6],17
151,[248 247 248 ...   6   2   6],17
152,[237 240 245 ...   5   3   5],17
153,[248 237 247 ...   6   5   6],17
154,[239 232 232 ...   5   6   5],17
155,[170 167 168 ...   6   2   6],17
156,[170 159 166 ...   5   2   6],17
157,[210 191 195 ...   8   5   6],17
158,[178 170 159 ...   3   5   6],17
159,[178 162 170 ...   6   5   6],17
160,[202 178 199 ...   5   3   5],18
161,[221 216 215 ...   5   3   5],18
162,[229 221 218 ...   2   5   6],18
163,[226 215 218 ...   3   7   3],18
164,[213 205 202 ...   6   2   6],18
165,[194 191 190 ...   6   2   6],18
166,[197 194 192 ...   5   2   6],18
167,[186 178 181 ...   3   5   6],18
168,[186 181 181 ...   6   2   6],18
169,[202 194 191 ...   6   2   6],18
170,[122 122 122 ...   3   5   3],19
171,[157 141 144 ...   6   2   6],19
172,[127  98  75 ...   6   2   6],19
173,[178 165 165 ...   6   2   6],19
174,[178 154 146 ...   6   2   6],19
175,[53 54 53 ...  6  2  6],19
176,[77 80 88 ...  5  3  5],19
177,[61 64 72 ...  6  2  8],19
178,[82 79 83 ...  6  2  6],19
179,[61 64 72 ...  3  7  3],19
180,[154 154 160 ...   5   6   8],20
181,[173 176 176 ...   5   6   5],20
182,[186 178 178 ...   5   6   8],20
183,[162 157 160 ...   6   5   8],20
184,[130 154 160 ...   6   5   8],20
185,[170 167 166 ...   6   5   6],20
186,[210 215 222 ...   2   8   6],20
187,[245 218 218 ...   5   6   6],20
188,[221 184 175 ...   2   8   6],20
189,[213 200 202 ...   5   6   8],20
190,[247 234 242 ...   8   5   6],21
191,[226 210 202 ...   6   2   8],21
192,[226 218 183 ...   5   2   6],21
193,[221 216 231 ...   6   2   6],21
194,[223 210 218 ...   3   7   3],21
195,[205 194 200 ...   3   5   6],21
196,[218 210 207 ...   7   3   6],21
197,[221 213 218 ...   5   6   5],21
198,[210 191 206 ...   5   2   6],21
199,[205 202 200 ...   6   5   6],21
200,[149 141 162 ...   6   5   3],22
201,[162 159 158 ...   5   2   6],22
202,[175 166 165 ...   3   2   6],22
203,[162 159 162 ...   3   5   3],22
204,[111 146 150 ...   6   2   5],22
205,[170 160 162 ...   6   2   5],22
206,[165 162 160 ...   5   2   6],22
207,[165 160 160 ...   3   7   3],22
208,[170 159 160 ...   3   7   3],22
209,[141 142 146 ...   5   6   7],22
210,[234 213 208 ...   6   5   3],23
211,[237 221 218 ...   2   6   6],23
212,[218 218 207 ...   3   5   6],23
213,[226 215 222 ...   8   2   6],23
214,[234 231 218 ...   6   2   6],23
215,[173 168 167 ...   6   2   8],23
216,[186 175 178 ...   6   2   6],23
217,[186 186 183 ...   6   5   3],23
218,[181 168 138 ...   3   7   3],23
219,[165 165 166 ...   5   3   5],23
220,[223 226 226 ...   5   6   5],24
221,[226 215 218 ...   5   6   5],24
222,[247 229 230 ...   7   3   6],24
223,[226 218 218 ...   6   5   6],24
224,[237 232 231 ...   6   5   8],24
225,[197 192 194 ...   5   6   6],24
226,[170 162 159 ...   5   6   5],24
227,[186 186 183 ...   5   6   5],24
228,[194 178 194 ...   5   6   5],24
229,[194 194 199 ...   6   5   6],24
230,[210 207 206 ...   3   5   3],25
231,[221 213 210 ...   6   2   6],25
232,[210 199 202 ...   6   5   3],25
233,[205 194 192 ...   6   2   6],25
234,[205 197 198 ...   6   5   6],25
235,[189 184 178 ...   6   2   6],25
236,[189 184 191 ...   3   5   3],25
237,[186 176 175 ...   6   2   6],25
238,[162 154 157 ...   6   2   5],25
239,[114 119 126 ...   6   2   6],25
240,[178 175 174 ...   5   3   8],26
241,[183 178 176 ...   6   5   6],26
242,[189 181 178 ...   5   6   3],26
243,[178 175 171 ...   3   7   3],26
244,[178 170 162 ...   6   2   6],26
245,[178 167 174 ...   6   2   6],26
246,[189 189 190 ...   6   2   6],26
247,[173 173 179 ...   2   5   3],26
248,[160 161 163 ...   7   6   5],26
249,[197 192 194 ...   5   2   6],26
250,[194 197 190 ...   7   3   5],27
251,[197 192 175 ...   5   3   5],27
252,[189 184 186 ...   6   5   3],27
253,[197 182 161 ...   3   7   3],27
254,[194 186 189 ...   6   5   3],27
255,[117 102 101 ...   6   5   6],27
256,[111 118  98 ...   6   2   8],27
257,[146 154 144 ...   6   5   3],27
258,[63 51 82 ...  5  6  8],27
259,[ 69 112  88 ...   6   5   6],27
260,[218 202 210 ...   5   3   5],28
261,[210 191 184 ...   6   5   3],28
262,[202 191 190 ...   3   5   3],28
263,[202 186 191 ...   6   2   6],28
264,[210 199 202 ...   5   3   5],28
265,[170 167 170 ...   6   2   6],28
266,[202 186 194 ...   8   2   6],28
267,[197 189 190 ...   3   5   3],28
268,[202 194 199 ...   6   2   3],28
269,[210 202 199 ...   5   2   6],28
270,[149 144 144 ...   3   7   3],29
271,[159 158 154 ...   6   2   6],29
272,[149 152 170 ...   6   2   6],29
273,[157 144 138 ...   3   5   3],29
274,[186 170 165 ...   6   2   6],29
275,[234 226 223 ...   3   7   3],29
276,[234 223 218 ...   3   5   6],29
277,[213 208 207 ...   5   3   5],29
278,[218 210 207 ...   3   5   6],29
279,[197 181 170 ...   6   2   6],29
280,[202 191 192 ...   3   5   3],30
281,[178 167 168 ...   6   2   3],30
282,[223 214 223 ...   5   3   5],30
283,[191 190 194 ...   3   2   6],30
284,[197 178 189 ...   8   2   6],30
285,[194 186 186 ...   3   5   6],30
286,[213 205 210 ...   6   2   6],30
287,[194 186 192 ...   3   5   3],30
288,[215 214 207 ...   6   2   6],30
289,[234 223 226 ...   6   2   6],30
290,[146 138 138 ...   5   3   5],31
291,[138 133 120 ...   2   5   6],31
292,[146 138 130 ...   5   2   8],31
293,[133 133 130 ...   2   8   2],31
294,[138 135 134 ...   5   3   5],31
295,[154 135 136 ...   5   3   5],31
296,[170 162 167 ...   5   2   6],31
297,[165 141 106 ...   5   3   5],31
298,[170 159 160 ...   5   3   5],31
299,[165 168 162 ...   2   6   5],31
300,[202 186 186 ...   5   6   8],32
301,[210 202 205 ...   6   5   8],32
302,[221 221 210 ...   6   5   6],32
303,[167 154 168 ...   5   6   7],32
304,[221 200 207 ...   6   5   6],32
305,[160 153 150 ...   6   5   6],32
306,[50 40 34 ...  5  6  5],32
307,[175 162 163 ...   6   5   3],32
308,[135  78  77 ...   6   2   6],32
309,[151 104 154 ...   6   5   3],32
310,[154 135 170 ...   3   5   3],33
311,[173 157 150 ...   2   8   2],33
312,[165 168 178 ...   6   2   6],33
313,[178 168 162 ...   6   2   8],33
314,[160 173 183 ...   3   5   6],33
315,[197  93 110 ...   3   2   6],33
316,[141 128 125 ...   6   2   8],33
317,[98 58 85 ...  6  2  6],33
318,[231 218 222 ...   6   2   6],33
319,[ 98  95 104 ...   6   2   5],33
320,[173 184 183 ...   6   5   6],34
321,[165 158 165 ...   5   3   6],34
322,[202 207 206 ...   5   6   5],34
323,[157 154 157 ...   3   5   6],34
324,[151 154 146 ...   3   5   3],34
325,[154 130 127 ...   5   3   5],34
326,[160 154 159 ...   6   2   8],34
327,[178 165 168 ...   3   5   3],34
328,[114 114 127 ...   2   6   6],34
329,[141 152 154 ...   6   2   3],34
330,[234 223 234 ...   6   5   6],35
331,[146 143 128 ...   6   5   8],35
332,[178 143 142 ...   6   5   6],35
333,[189 178 181 ...   5   2   6],35
334,[202 194 197 ...   6   2   6],35
335,[170 167 166 ...   8   5   6],35
336,[159 155 157 ...   6   5   6],35
337,[135 122 126 ...   2   6   6],35
338,[173 170 173 ...   3   5   6],35
339,[130 114 114 ...   3   7   3],35
340,[215 206 207 ...   8   2   6],36
341,[218 207 210 ...   6   2   6],36
342,[218 205 208 ...   6   2   3],36
343,[229 218 221 ...   6   2   5],36
344,[245 234 232 ...   5   2   6],36
345,[189 176 178 ...   6   2   6],36
346,[186 175 178 ...   3   5   3],36
347,[175 174 189 ...   3   5   3],36
348,[162 151 142 ...   6   2   6],36
349,[173 160 157 ...   6   5   6],36
350,[245 231 234 ...   3   5   3],37
351,[248 248 248 ...   3   5   3],37
352,[248 248 248 ...   5   2   6],37
353,[226 210 218 ...   6   5   6],37
354,[202 191 187 ...   5   3   5],37
355,[138 146 144 ...   6   2   6],37
356,[165 157 162 ...   8   2   6],37
357,[146 143 142 ...   6   2   6],37
358,[178 173 176 ...   3   2   6],37
359,[157 154 157 ...   6   2   3],37
360,[202 194 194 ...   3   5   3],38
361,[213 208 210 ...   3   5   3],38
362,[199 190 191 ...   5   3   5],38
363,[197 189 194 ...   3   5   3],38
364,[183 178 179 ...   6   2   8],38
365,[194 175 174 ...   6   2   6],38
366,[197 178 176 ...   5   2   6],38
367,[194 186 183 ...   5   3   5],38
368,[205 205 202 ...   6   2   6],38
369,[186 183 178 ...   6   2   6],38
370,[226 210 218 ...   6   2   6],39
371,[218 213 218 ...   6   2   6],39
372,[205 208 218 ...   6   2   6],39
373,[205 208 202 ...   6   2   6],39
374,[194 186 202 ...   5   3   5],39
375,[154 149 149 ...   6   2   6],39
376,[154 162 168 ...   3   5   3],39
377,[159 154 154 ...   6   2   6],39
378,[189 181 182 ...   5   3   7],39
379,[165 170 170 ...   6   5   3],39
380,[218 210 207 ...   2   5   3],40
381,[210 194 194 ...   6   2   6],40
382,[202 197 197 ...   6   2   6],40
383,[213 213 214 ...   5   3   5],40
384,[248 231 226 ...   8   2   6],40
385,[151 136 125 ...   6   2   6],40
386,[90 96 98 ...  6  2  6],40
387,[159 158 154 ...   5   6   6],40
388,[205 202 205 ...   3   2   6],40
389,[170 162 167 ...   6   2   6],40
390,[226 215 202 ...   6   2   6],41
391,[234 223 230 ...   6   2   6],41
392,[202 218 226 ...   3   5   6],41
393,[186 173 158 ...   6   5   3],41
394,[248 248 248 ...   3   7   3],41
395,[146 154 170 ...   6   2   8],41
396,[194 189 200 ...   6   2   6],41
397,[186 189 216 ...   5   6   5],41
398,[178 183 198 ...   6   2   6],41
399,[202 202 210 ...   8   2   6],41
400,[130 120 137 ...   5   3   5],42
401,[248 245 248 ...   5   3   8],42
402,[234 226 234 ...   6   5   3],42
403,[202 189 189 ...   6   2   6],42
404,[170 162 181 ...   5   2   6],42
405,[114 125 133 ...   3   5   3],42
406,[178 151 154 ...   8   2   6],42
407,[154 138 143 ...   5   3   5],42
408,[151 146 150 ...   3   7   3],42
409,[146 122 167 ...   8   2   6],42
410,[157 152 159 ...   6   5   3],43
411,[151 150 162 ...   6   5   8],43
412,[146 146 152 ...   6   5   6],43
413,[178 178 178 ...   3   7   3],43
414,[127 102 125 ...   6   5   8],43
415,[226 213 216 ...   5   6   5],43
416,[226 223 234 ...   6   5   6],43
417,[237 232 226 ...   5   6   8],43
418,[189 189 206 ...   5   6   6],43
419,[170 178 192 ...   5   6   8],43
420,[178 168 167 ...   6   2   3],44
421,[239 218 222 ...   6   2   6],44
422,[248 248 248 ...   6   2   3],44
423,[202 181 184 ...   6   2   3],44
424,[248 248 248 ...   6   2   6],44
425,[234 218 218 ...   6   2   6],44
426,[103 104  96 ...   3   5   3],44
427,[151 142 136 ...   6   2   6],44
428,[173 168 167 ...   6   2   3],44
429,[133 134 129 ...   6   2   6],44
430,[205 189 190 ...   6   2   6],45
431,[170 167 166 ...   6   2   6],45
432,[189 189 190 ...   6   2   3],45
433,[194 178 183 ...   3   2   6],45
434,[173 160 170 ...   6   2   6],45
435,[186 183 182 ...   2   6   2],45
436,[191 182 186 ...   6   2   6],45
437,[165 162 173 ...   6   2   6],45
438,[157 141 174 ...   3   5   3],45
439,[165 149 131 ...   6   2   6],45
440,[229 216 223 ...   6   5   3],46
441,[248 248 248 ...   3   5   6],46
442,[234 226 223 ...   6   5   6],46
443,[234 215 222 ...   6   5   6],46
444,[231 226 230 ...   5   3   5],46
445,[170 170 170 ...   6   2   6],46
446,[191 186 190 ...   3   5   3],46
447,[245 221 224 ...   3   5   3],46
448,[245 194 149 ...   6   2   6],46
449,[189 189 190 ...   5   2   6],46
